[
	{
		"constant": false,
		"inputs": [
			{
				"internalType": "uint256",
				"name": "id",
				"type": "uint256"
			}
		],
		"name": "buyCard",
		"outputs": [],
		"payable": true,
		"stateMutability": "payable",
		"type": "function"
	},
	{
		"constant": false,
		"inputs": [
			{
				"internalType": "enum Cryptomons.Species",
				"name": "species",
				"type": "uint8"
			},
			{
				"internalType": "uint256",
				"name": "price",
				"type": "uint256"
			}
		],
		"name": "createCard",
		"outputs": [],
		"payable": false,
		"stateMutability": "nonpayable",
		"type": "function"
	},
	{
		"inputs": [],
		"payable": false,
		"stateMutability": "nonpayable",
		"type": "constructor"
	},
	{
		"constant": true,
		"inputs": [
			{
				"internalType": "uint256",
				"name": "",
				"type": "uint256"
			}
		],
		"name": "cards",
		"outputs": [
			{
				"internalType": "uint256",
				"name": "id",
				"type": "uint256"
			},
			{
				"internalType": "address payable",
				"name": "owner",
				"type": "address"
			},
			{
				"internalType": "enum Cryptomons.Species",
				"name": "species",
				"type": "uint8"
			},
			{
				"internalType": "uint256",
				"name": "price",
				"type": "uint256"
			}
		],
		"payable": false,
		"stateMutability": "view",
		"type": "function"
	},
	{
		"constant": true,
		"inputs": [],
		"name": "manager",
		"outputs": [
			{
				"internalType": "address",
				"name": "",
				"type": "address"
			}
		],
		"payable": false,
		"stateMutability": "view",
		"type": "function"
	},
	{
		"constant": true,
		"inputs": [],
		"name": "totalCards",
		"outputs": [
			{
				"internalType": "uint256",
				"name": "",
				"type": "uint256"
			}
		],
		"payable": false,
		"stateMutability": "view",
		"type": "function"
	}
]
